key,density_g_per_ml,piece_g,package_g
default,0.8,100.0,
water,1.0,,
boiling water,1.0,,
hot water,1.0,,
milk,1.03,,
buttermilk,1.03,,
sweet milk,1.03,,
sour milk,1.03,,
condensed milk,1.3,,397.0
evaporated milk,1.07,,354.0
pet milk,1.07,,354.0
carnation milk,1.07,,354.0
powdered milk,0.45,,
dry milk,0.45,,
cream,1.0,,
heavy cream,1.0,,
whipping cream,1.0,,
light cream,1.01,,
sour cream,0.96,,450.0
whipped cream,0.25,,
whipped topping,0.3,,225.0
cool whip,0.3,,225.0
dream whip,0.3,,40.0
yogurt,1.03,,
ice cream,0.55,,
sherbet,0.75,,
butter,0.96,113.0,
margarine,0.96,113.0,
shortening,0.86,,
crisco,0.86,,
lard,0.9,,
oil,0.92,,
cooking spray,0.92,0.5,
egg,1.03,50.0,
egg white,1.03,33.0,
egg yolk,1.03,17.0,
egg substitute,1.03,,
sugar,0.85,,
white sugar,0.85,,
granulated sugar,0.85,,
brown sugar,0.9,,
powdered sugar,0.5,,454.0
confectioners sugar,0.5,,454.0
sugar substitute,0.5,,
honey,1.42,,
molasses,1.4,,
syrup,1.33,,
corn syrup,1.38,,
karo,1.38,,
karo syrup,1.38,,
maple syrup,1.32,,
chocolate syrup,1.3,,
flour,0.53,,
cake flour,0.48,,
bread flour,0.55,,
whole wheat flour,0.55,,
all-purpose,0.53,,
cornmeal,0.65,,
corn meal,0.65,,
cornstarch,0.54,,
baking powder,0.9,,
baking soda,0.92,,
cream of tartar,0.95,,
yeast,0.6,7.0,7.0
salt,1.2,,
pepper,0.5,150.0,
black pepper,0.5,,
white pepper,0.5,,
ground pepper,0.5,,
cayenne,0.5,,
cayenne pepper,0.5,,
red pepper,0.5,150.0,
peppercorn,0.6,0.05,
cinnamon,0.56,3.0,
nutmeg,0.5,,
clove,0.5,0.1,
allspice,0.5,,
ginger,0.5,30.0,
paprika,0.46,,
chili powder,0.54,,
curry powder,0.45,,
curry,0.45,,
cumin,0.45,,
turmeric,0.5,,
mace,0.5,,
garlic powder,0.5,,
onion powder,0.5,,
garlic salt,1.1,,
onion salt,1.1,,
celery salt,1.1,,
seasoning salt,1.1,,
lemon pepper,0.7,,
dry mustard,0.45,,
ground mustard,0.45,,
seasoning,0.6,,35.0
taco seasoning,0.6,,35.0
italian seasoning,0.25,,
poultry seasoning,0.3,,
pumpkin pie spice,0.5,,
pickling spice,0.4,,
accent,0.9,,
oregano,0.25,,
basil,0.25,,
thyme,0.25,,
rosemary,0.25,,
sage,0.2,,
marjoram,0.2,,
tarragon,0.2,,
dill,0.2,,
dill weed,0.2,,
parsley,0.25,,
parsley flake,0.1,,
cilantro,0.2,,
chive,0.2,,
mint,0.2,,
bay leaf,0.2,0.2,
herb,0.2,,
poppy seed,0.55,,
sesame seed,0.6,,
caraway seed,0.5,,
seed,0.55,,
vanilla,0.88,,
extract,0.88,,
flavoring,0.88,,
food coloring,1.0,,
coloring,1.0,,
liquid smoke,1.0,,
vinegar,1.01,,
mayonnaise,0.95,,
mayo,0.95,,
miracle,0.95,,
salad dressing,1.0,,
dressing,1.0,,
mustard,1.05,,
prepared mustard,1.05,,
catsup,1.15,,
ketchup,1.15,,
sauce,1.05,,
soy sauce,1.15,,
worcestershire sauce,1.1,,
worcestershire,1.1,,
tabasco,1.0,,
tabasco sauce,1.0,,
hot sauce,1.0,,
tomato sauce,1.03,,227.0
tomato paste,1.1,,170.0
tomato puree,1.05,,
spaghetti sauce,1.05,,
salsa,1.05,,
horseradish,1.0,,
relish,1.0,,
pickle relish,1.0,,
juice,1.04,,
lemon juice,1.03,,
lime juice,1.03,,
orange juice,1.04,,
concentrate,1.2,,
soup,1.05,,298.0
onion soup,0.5,,30.0
onion soup mix,0.5,,30.0
broth,1.0,,
stock,1.0,,
bouillon,0.8,4.0,
consomme,1.0,,
wine,0.99,,
sherry,0.99,,
beer,1.01,,355.0
soda,1.0,,355.0
ginger ale,1.0,,355.0
club soda,1.0,,355.0
lemonade,1.04,,
rum,0.95,,
vodka,0.95,,
bourbon,0.95,,
brandy,0.95,,
whiskey,0.95,,
kahlua,1.1,,
coffee,1.0,,
instant coffee,0.3,,
instant tea,0.3,,
cheese,0.45,25.0,225.0
cheddar,0.45,,
cheddar cheese,0.45,,227.0
cream cheese,1.0,,225.0
cottage cheese,0.95,,
ricotta,1.0,,
ricotta cheese,1.0,,
parmesan,0.4,,
parmesan cheese,0.4,,
velveeta,0.6,,
velveeta cheese,0.6,,
rice,0.85,,
wild rice,0.75,,
hot cooked rice,0.7,,
oat,0.4,,
rolled oat,0.4,,
oatmeal,0.4,,
grits,0.65,,
pasta,0.4,,454.0
noodle,0.35,,340.0
macaroni,0.45,,454.0
spaghetti,0.4,,454.0
vermicelli,0.4,,454.0
lentil,0.8,,
bean,0.75,,
green bean,0.45,,
pea,0.6,,
chickpea,0.75,,
nut,0.5,,
pecan,0.45,2.0,
walnut,0.45,4.0,
almond,0.6,1.2,
peanut,0.6,,
cashew,0.55,,
peanut butter,1.08,,
chocolate chip,0.7,,340.0
chocolate morsel,0.7,,340.0
butterscotch chip,0.7,,
chocolate,0.6,28.0,
cocoa,0.45,,
coconut,0.35,,
raisin,0.65,,
date,0.6,8.0,
prune,0.6,10.0,
bread crumb,0.45,,
breadcrumb,0.45,,
cracker crumb,0.45,,
crumb,0.45,,
cracker,0.3,4.0,
graham cracker,0.3,7.0,
vanilla wafer,0.3,4.0,
cooky,0.3,15.0,
oreo,0.3,11.0,
cereal,0.12,,
corn flake,0.12,,
cornflake,0.12,,
rice krispy,0.12,,
marshmallow,0.2,7.0,
marshmallow cream,0.9,,
marshmallow creme,0.9,,
popcorn,0.05,,
chip,0.1,,
potato chip,0.1,,
tortilla chip,0.1,,
corn chip,0.1,,
pretzel,0.25,,
crouton,0.15,,
tapioca,0.65,,
gelatin,0.7,7.0,85.0
gelatine,0.7,7.0,85.0
jello,0.8,,85.0
jell-o,0.8,,85.0
pudding,0.7,,100.0
cake mix,0.45,,500.0
cake,0.45,,500.0
brownie mix,0.5,,570.0
bisquick,0.5,,
biscuit mix,0.5,,
baking mix,0.5,,
stuffing,0.2,,170.0
stuffing mix,0.2,,170.0
pie filling,1.1,,595.0
fruit cocktail,1.0,,425.0
preserve,1.3,,
jelly,1.3,,
jam,1.3,,
marmalade,1.3,,
applesauce,1.05,,
pumpkin,1.0,,425.0
onion,0.6,150.0,
green onion,0.4,15.0,
scallion,0.4,15.0,
shallot,0.6,30.0,
leek,0.4,150.0,
garlic,0.6,5.0,
clove garlic,0.6,5.0,
celery,0.5,40.0,
green pepper,0.55,150.0,
bell pepper,0.55,150.0,
sweet pepper,0.55,150.0,
jalapeno,0.6,15.0,
jalapeno pepper,0.6,15.0,
chily,0.6,15.0,
chilli,0.6,15.0,
chile,0.6,15.0,
pimento,0.9,,57.0
pimiento,0.9,,57.0
tomato,0.75,120.0,
cherry tomato,0.7,15.0,
potato,0.65,200.0,
sweet potato,0.65,200.0,
yam,0.65,200.0,
carrot,0.55,60.0,
mushroom,0.4,18.0,
cabbage,0.35,900.0,
lettuce,0.25,500.0,
spinach,0.2,,
broccoli,0.4,300.0,
cauliflower,0.45,600.0,
corn,0.7,100.0,
zucchini,0.55,200.0,
squash,0.55,300.0,
cucumber,0.55,300.0,
eggplant,0.5,450.0,
okra,0.5,10.0,
radish,0.6,10.0,
beet,0.6,100.0,
asparagus,0.5,20.0,
artichoke,0.6,120.0,
avocado,0.6,170.0,
olive,0.6,4.0,
water chestnut,0.65,,227.0
sauerkraut,0.6,,
vegetable,0.6,,
mixed vegetable,0.6,,
apple,0.5,180.0,
banana,0.6,120.0,
lemon,0.6,60.0,
lime,0.6,45.0,
orange,0.6,130.0,
mandarin orange,0.7,,312.0
grape,0.6,5.0,
strawberry,0.6,12.0,
blueberry,0.6,,
raspberry,0.55,,
blackberry,0.55,,
cranberry,0.45,,
cherry,0.6,8.0,
maraschino cherry,0.7,5.0,
peach,0.7,150.0,
pear,0.65,180.0,
apricot,0.65,35.0,
pineapple,0.7,900.0,567.0
rhubarb,0.5,,
fruit,0.6,,
lemon rind,0.4,,
orange rind,0.4,,
lemon peel,0.4,,
orange peel,0.4,,
chicken,0.6,1500.0,
chicken breast,0.6,200.0,
chicken breast half,0.6,200.0,
fryer,0.6,1500.0,
turkey,0.6,,
ground beef,0.9,,
hamburger,0.9,,
hamburg,0.9,,
ground chuck,0.9,,
ground meat,0.9,,
ground turkey,0.9,,
ground pork,0.9,,
beef,0.6,,
steak,0.6,300.0,
roast,0.6,1500.0,
pork,0.6,,
pork chop,0.6,200.0,
ham,0.6,,
bacon,0.6,25.0,
sausage,0.6,60.0,
pepperoni,0.6,,
salami,0.6,,
frankfurter,0.6,50.0,
wiener,0.6,50.0,
hot dog,0.6,50.0,
meat,0.6,,
shrimp,0.6,15.0,
tuna,0.6,,170.0
salmon,0.6,,
crab meat,0.6,,
crabmeat,0.6,,
clam,0.6,,
oyster,0.6,15.0,
scallop,0.6,20.0,
fish,0.6,150.0,
bread,0.25,30.0,450.0
white bread,0.25,30.0,450.0
corn bread,0.4,,
cornbread,0.4,,
roll,0.3,40.0,
crescent roll,0.3,28.0,227.0
bun,0.3,50.0,
biscuit,0.4,50.0,
tortilla,0.3,40.0,
flour tortilla,0.3,45.0,
corn tortilla,0.3,25.0,
pie shell,0.4,200.0,
pie crust,0.4,200.0,
crust,0.4,200.0,
pastry shell,0.4,200.0,
mozzarella,0.45,,
swiss,0.45,25.0,
monterey,0.45,,
sharp,0.45,,
hash brown,0.5,,
tater,0.5,,
pickle,0.7,60.0,
caper,0.6,,
anchovy,0.6,4.0,57.0
currant,0.6,,
hominy,0.8,,
lobster,0.6,500.0,
haddock,0.6,150.0,
brisket,0.6,1500.0,
ground round,0.9,,
ground sirloin,0.9,,
bamboo shoot,0.6,,227.0
watercress,0.2,,
cantaloupe,0.6,1000.0,
bran,0.25,,
caramel,0.8,10.0,
fettucine,0.4,,454.0
muffin,0.4,60.0,
ladyfinger,0.2,10.0,
nondairy creamer,0.4,,
paraffin,0.9,50.0,
anise,0.45,,
peppermint,0.88,,
citron,0.6,,
frito,0.1,,
dorito,0.1,,
cheerio,0.12,,
grape-nut,0.45,,
gumdrop,0.6,4.0,
morsel,0.7,,340.0
topping,0.3,,
filling,1.1,,
mix,0.5,,
cube,0.8,4.0,
fat,0.9,,
alum,1.1,,
gravy mix,0.5,,25.0
chicken wing,0.6,90.0,
chicken thigh,0.6,120.0,
chicken leg,0.6,150.0,
chicken cutlet,0.6,150.0,
chicken bouillon,0.8,4.0,
beef bouillon,0.8,4.0,
bouillon cube,0.8,4.0,
cabbage leaf,0.35,30.0,
lettuce leaf,0.25,10.0,
popped corn,0.05,,
kisse,0.6,5.0,
pecan half,0.45,2.0,
walnut half,0.45,4.0,
