ingredient,substitute
butter,margarine
margarine,butter
shortening,butter
sour cream,yogurt
yogurt,sour cream
cream,milk
milk,cream
brown sugar,sugar
honey,maple syrup
molasses,honey
lemon juice,lime juice
lime juice,lemon juice
lemon,lime
paprika,chili powder
chili powder,paprika
cilantro,parsley
parsley,cilantro
green onion,onion
shallot,onion
vegetable oil,canola oil
olive oil,vegetable oil
chicken broth,vegetable broth
beef broth,chicken broth
cheddar cheese,monterey jack cheese
mozzarella cheese,provolone cheese
parmesan cheese,romano cheese
almonds,pecans
walnuts,pecans
pecans,walnuts
raisins,cranberries
cinnamon,nutmeg
oregano,basil
thyme,rosemary
white vinegar,cider vinegar
ground beef,ground turkey
chicken breast,turkey breast
cream cheese,ricotta cheese
vanilla,almond extract
cornstarch,flour
spinach,kale
zucchini,squash
potato,sweet potato
sweet potato,potato
